channel,baseline,equalised
Costs,0.166405,0.18389499999999998
Patience,0.14413499999999996,0.135345
Pressure,0.026000000000000002,0.068165
Rationality,0.10291999999999998,0.09541999999999999
