channel,baseline,equalised
Costs,0.14903000000000002,0.15507
Patience,0.16227,0.142105
Pressure,0.05244,0.05536500000000001
Rationality,0.08678,0.07783499999999999
